time,soc,power,temperature,usage_scenario,battery_capacity,aging_level
0,98.13,830.0,25,视频播放,3000,0
0.25,96.26,830.0,25,视频播放,3000,0
0.5,94.39,830.0,25,视频播放,3000,0
0.75,92.52,830.0,25,视频播放,3000,0
1.0,90.65,830.0,25,视频播放,3000,0
1.25,88.78,830.0,25,视频播放,3000,0
1.5,86.91,830.0,25,视频播放,3000,0
1.75,85.05,830.0,25,视频播放,3000,0
2.0,83.18,830.0,25,视频播放,3000,0
2.25,81.31,830.0,25,视频播放,3000,0
2.5,79.44,830.0,25,视频播放,3000,0
2.75,77.57,830.0,25,视频播放,3000,0
3.0,75.7,830.0,25,视频播放,3000,0
3.25,73.83,830.0,25,视频播放,3000,0
3.5,71.96,830.0,25,视频播放,3000,0
3.75,70.09,830.0,25,视频播放,3000,0
4.0,68.22,830.0,25,视频播放,3000,0
4.25,66.35,830.0,25,视频播放,3000,0
4.5,64.48,830.0,25,视频播放,3000,0
4.75,62.61,830.0,25,视频播放,3000,0
5.0,60.74,830.0,25,视频播放,3000,0
5.25,58.87,830.0,25,视频播放,3000,0
5.5,57.0,830.0,25,视频播放,3000,0
5.75,55.14,830.0,25,视频播放,3000,0
6.0,53.27,830.0,25,视频播放,3000,0
6.25,51.4,830.0,25,视频播放,3000,0
6.5,49.53,830.0,25,视频播放,3000,0
6.75,47.66,830.0,25,视频播放,3000,0
7.0,45.79,830.0,25,视频播放,3000,0
7.25,43.92,830.0,25,视频播放,3000,0
7.5,42.05,830.0,25,视频播放,3000,0
7.75,40.18,830.0,25,视频播放,3000,0
8.0,38.31,830.0,25,视频播放,3000,0
8.25,36.44,830.0,25,视频播放,3000,0
8.5,34.57,830.0,25,视频播放,3000,0
8.75,32.7,830.0,25,视频播放,3000,0
9.0,30.83,830.0,25,视频播放,3000,0
9.25,28.96,830.0,25,视频播放,3000,0
9.5,27.09,830.0,25,视频播放,3000,0
9.75,25.23,830.0,25,视频播放,3000,0
10.0,23.36,830.0,25,视频播放,3000,0
10.25,21.49,830.0,25,视频播放,3000,0
10.5,19.62,830.0,25,视频播放,3000,0
10.75,17.75,830.0,25,视频播放,3000,0
11.0,15.88,830.0,25,视频播放,3000,0
11.25,14.01,830.0,25,视频播放,3000,0
11.5,12.14,830.0,25,视频播放,3000,0
11.75,10.27,830.0,25,视频播放,3000,0
12.0,8.4,830.0,25,视频播放,3000,0
12.25,6.53,830.0,25,视频播放,3000,0
12.5,4.66,830.0,25,视频播放,3000,0
12.75,2.79,830.0,25,视频播放,3000,0
13.0,0.92,830.0,25,视频播放,3000,0
13.25,0,830.0,25,视频播放,3000,0
0,98.6,830.0,25,视频播放,4000,0
0.25,97.2,830.0,25,视频播放,4000,0
0.5,95.79,830.0,25,视频播放,4000,0
0.75,94.39,830.0,25,视频播放,4000,0
1.0,92.99,830.0,25,视频播放,4000,0
1.25,91.59,830.0,25,视频播放,4000,0
1.5,90.19,830.0,25,视频播放,4000,0
1.75,88.78,830.0,25,视频播放,4000,0
2.0,87.38,830.0,25,视频播放,4000,0
2.25,85.98,830.0,25,视频播放,4000,0
2.5,84.58,830.0,25,视频播放,4000,0
2.75,83.18,830.0,25,视频播放,4000,0
3.0,81.77,830.0,25,视频播放,4000,0
3.25,80.37,830.0,25,视频播放,4000,0
3.5,78.97,830.0,25,视频播放,4000,0
3.75,77.57,830.0,25,视频播放,4000,0
4.0,76.17,830.0,25,视频播放,4000,0
4.25,74.76,830.0,25,视频播放,4000,0
4.5,73.36,830.0,25,视频播放,4000,0
4.75,71.96,830.0,25,视频播放,4000,0
5.0,70.56,830.0,25,视频播放,4000,0
5.25,69.16,830.0,25,视频播放,4000,0
5.5,67.75,830.0,25,视频播放,4000,0
5.75,66.35,830.0,25,视频播放,4000,0
6.0,64.95,830.0,25,视频播放,4000,0
6.25,63.55,830.0,25,视频播放,4000,0
6.5,62.15,830.0,25,视频播放,4000,0
6.75,60.74,830.0,25,视频播放,4000,0
7.0,59.34,830.0,25,视频播放,4000,0
7.25,57.94,830.0,25,视频播放,4000,0
7.5,56.54,830.0,25,视频播放,4000,0
7.75,55.14,830.0,25,视频播放,4000,0
8.0,53.73,830.0,25,视频播放,4000,0
8.25,52.33,830.0,25,视频播放,4000,0
8.5,50.93,830.0,25,视频播放,4000,0
8.75,49.53,830.0,25,视频播放,4000,0
9.0,48.12,830.0,25,视频播放,4000,0
9.25,46.72,830.0,25,视频播放,4000,0
9.5,45.32,830.0,25,视频播放,4000,0
9.75,43.92,830.0,25,视频播放,4000,0
10.0,42.52,830.0,25,视频播放,4000,0
10.25,41.11,830.0,25,视频播放,4000,0
10.5,39.71,830.0,25,视频播放,4000,0
10.75,38.31,830.0,25,视频播放,4000,0
11.0,36.91,830.0,25,视频播放,4000,0
11.25,35.51,830.0,25,视频播放,4000,0
11.5,34.1,830.0,25,视频播放,4000,0
11.75,32.7,830.0,25,视频播放,4000,0
12.0,31.3,830.0,25,视频播放,4000,0
12.25,29.9,830.0,25,视频播放,4000,0
12.5,28.5,830.0,25,视频播放,4000,0
12.75,27.09,830.0,25,视频播放,4000,0
13.0,25.69,830.0,25,视频播放,4000,0
13.25,24.29,830.0,25,视频播放,4000,0
13.5,22.89,830.0,25,视频播放,4000,0
13.75,21.49,830.0,25,视频播放,4000,0
14.0,20.08,830.0,25,视频播放,4000,0
14.25,18.68,830.0,25,视频播放,4000,0
14.5,17.28,830.0,25,视频播放,4000,0
14.75,15.88,830.0,25,视频播放,4000,0
15.0,14.48,830.0,25,视频播放,4000,0
15.25,13.07,830.0,25,视频播放,4000,0
15.5,11.67,830.0,25,视频播放,4000,0
15.75,10.27,830.0,25,视频播放,4000,0
16.0,8.87,830.0,25,视频播放,4000,0
16.25,7.47,830.0,25,视频播放,4000,0
16.5,6.06,830.0,25,视频播放,4000,0
16.75,4.66,830.0,25,视频播放,4000,0
17.0,3.26,830.0,25,视频播放,4000,0
17.25,1.86,830.0,25,视频播放,4000,0
17.5,0.46,830.0,25,视频播放,4000,0
17.75,0,830.0,25,视频播放,4000,0
0,98.88,830.0,25,视频播放,5000,0
0.25,97.76,830.0,25,视频播放,5000,0
0.5,96.64,830.0,25,视频播放,5000,0
0.75,95.51,830.0,25,视频播放,5000,0
1.0,94.39,830.0,25,视频播放,5000,0
1.25,93.27,830.0,25,视频播放,5000,0
1.5,92.15,830.0,25,视频播放,5000,0
1.75,91.03,830.0,25,视频播放,5000,0
2.0,89.91,830.0,25,视频播放,5000,0
2.25,88.78,830.0,25,视频播放,5000,0
2.5,87.66,830.0,25,视频播放,5000,0
2.75,86.54,830.0,25,视频播放,5000,0
3.0,85.42,830.0,25,视频播放,5000,0
3.25,84.3,830.0,25,视频播放,5000,0
3.5,83.18,830.0,25,视频播放,5000,0
3.75,82.05,830.0,25,视频播放,5000,0
4.0,80.93,830.0,25,视频播放,5000,0
4.25,79.81,830.0,25,视频播放,5000,0
4.5,78.69,830.0,25,视频播放,5000,0
4.75,77.57,830.0,25,视频播放,5000,0
5.0,76.45,830.0,25,视频播放,5000,0
5.25,75.32,830.0,25,视频播放,5000,0
5.5,74.2,830.0,25,视频播放,5000,0
5.75,73.08,830.0,25,视频播放,5000,0
6.0,71.96,830.0,25,视频播放,5000,0
6.25,70.84,830.0,25,视频播放,5000,0
6.5,69.72,830.0,25,视频播放,5000,0
6.75,68.59,830.0,25,视频播放,5000,0
7.0,67.47,830.0,25,视频播放,5000,0
7.25,66.35,830.0,25,视频播放,5000,0
7.5,65.23,830.0,25,视频播放,5000,0
7.75,64.11,830.0,25,视频播放,5000,0
8.0,62.99,830.0,25,视频播放,5000,0
8.25,61.86,830.0,25,视频播放,5000,0
8.5,60.74,830.0,25,视频播放,5000,0
8.75,59.62,830.0,25,视频播放,5000,0
9.0,58.5,830.0,25,视频播放,5000,0
9.25,57.38,830.0,25,视频播放,5000,0
9.5,56.26,830.0,25,视频播放,5000,0
9.75,55.14,830.0,25,视频播放,5000,0
10.0,54.01,830.0,25,视频播放,5000,0
10.25,52.89,830.0,25,视频播放,5000,0
10.5,51.77,830.0,25,视频播放,5000,0
10.75,50.65,830.0,25,视频播放,5000,0
11.0,49.53,830.0,25,视频播放,5000,0
11.25,48.41,830.0,25,视频播放,5000,0
11.5,47.28,830.0,25,视频播放,5000,0
11.75,46.16,830.0,25,视频播放,5000,0
12.0,45.04,830.0,25,视频播放,5000,0
12.25,43.92,830.0,25,视频播放,5000,0
12.5,42.8,830.0,25,视频播放,5000,0
12.75,41.68,830.0,25,视频播放,5000,0
13.0,40.55,830.0,25,视频播放,5000,0
13.25,39.43,830.0,25,视频播放,5000,0
13.5,38.31,830.0,25,视频播放,5000,0
13.75,37.19,830.0,25,视频播放,5000,0
14.0,36.07,830.0,25,视频播放,5000,0
14.25,34.95,830.0,25,视频播放,5000,0
14.5,33.82,830.0,25,视频播放,5000,0
14.75,32.7,830.0,25,视频播放,5000,0
15.0,31.58,830.0,25,视频播放,5000,0
15.25,30.46,830.0,25,视频播放,5000,0
15.5,29.34,830.0,25,视频播放,5000,0
15.75,28.22,830.0,25,视频播放,5000,0
16.0,27.09,830.0,25,视频播放,5000,0
16.25,25.97,830.0,25,视频播放,5000,0
16.5,24.85,830.0,25,视频播放,5000,0
16.75,23.73,830.0,25,视频播放,5000,0
17.0,22.61,830.0,25,视频播放,5000,0
17.25,21.49,830.0,25,视频播放,5000,0
17.5,20.36,830.0,25,视频播放,5000,0
17.75,19.24,830.0,25,视频播放,5000,0
18.0,18.12,830.0,25,视频播放,5000,0
18.25,17.0,830.0,25,视频播放,5000,0
18.5,15.88,830.0,25,视频播放,5000,0
18.75,14.76,830.0,25,视频播放,5000,0
19.0,13.64,830.0,25,视频播放,5000,0
19.25,12.51,830.0,25,视频播放,5000,0
19.5,11.39,830.0,25,视频播放,5000,0
19.75,10.27,830.0,25,视频播放,5000,0
20.0,9.15,830.0,25,视频播放,5000,0
20.25,8.03,830.0,25,视频播放,5000,0
20.5,6.91,830.0,25,视频播放,5000,0
20.75,5.78,830.0,25,视频播放,5000,0
21.0,4.66,830.0,25,视频播放,5000,0
21.25,3.54,830.0,25,视频播放,5000,0
21.5,2.42,830.0,25,视频播放,5000,0
21.75,1.3,830.0,25,视频播放,5000,0
22.0,0.18,830.0,25,视频播放,5000,0
22.25,0,830.0,25,视频播放,5000,0
0,99.07,830.0,25,视频播放,6000,0
0.25,98.13,830.0,25,视频播放,6000,0
0.5,97.2,830.0,25,视频播放,6000,0
0.75,96.26,830.0,25,视频播放,6000,0
1.0,95.33,830.0,25,视频播放,6000,0
1.25,94.39,830.0,25,视频播放,6000,0
1.5,93.46,830.0,25,视频播放,6000,0
1.75,92.52,830.0,25,视频播放,6000,0
2.0,91.59,830.0,25,视频播放,6000,0
2.25,90.65,830.0,25,视频播放,6000,0
2.5,89.72,830.0,25,视频播放,6000,0
2.75,88.78,830.0,25,视频播放,6000,0
3.0,87.85,830.0,25,视频播放,6000,0
3.25,86.91,830.0,25,视频播放,6000,0
3.5,85.98,830.0,25,视频播放,6000,0
3.75,85.05,830.0,25,视频播放,6000,0
4.0,84.11,830.0,25,视频播放,6000,0
4.25,83.18,830.0,25,视频播放,6000,0
4.5,82.24,830.0,25,视频播放,6000,0
4.75,81.31,830.0,25,视频播放,6000,0
5.0,80.37,830.0,25,视频播放,6000,0
5.25,79.44,830.0,25,视频播放,6000,0
5.5,78.5,830.0,25,视频播放,6000,0
5.75,77.57,830.0,25,视频播放,6000,0
6.0,76.63,830.0,25,视频播放,6000,0
6.25,75.7,830.0,25,视频播放,6000,0
6.5,74.76,830.0,25,视频播放,6000,0
6.75,73.83,830.0,25,视频播放,6000,0
7.0,72.89,830.0,25,视频播放,6000,0
7.25,71.96,830.0,25,视频播放,6000,0
7.5,71.02,830.0,25,视频播放,6000,0
7.75,70.09,830.0,25,视频播放,6000,0
8.0,69.16,830.0,25,视频播放,6000,0
8.25,68.22,830.0,25,视频播放,6000,0
8.5,67.29,830.0,25,视频播放,6000,0
8.75,66.35,830.0,25,视频播放,6000,0
9.0,65.42,830.0,25,视频播放,6000,0
9.25,64.48,830.0,25,视频播放,6000,0
9.5,63.55,830.0,25,视频播放,6000,0
9.75,62.61,830.0,25,视频播放,6000,0
10.0,61.68,830.0,25,视频播放,6000,0
10.25,60.74,830.0,25,视频播放,6000,0
10.5,59.81,830.0,25,视频播放,6000,0
10.75,58.87,830.0,25,视频播放,6000,0
11.0,57.94,830.0,25,视频播放,6000,0
11.25,57.0,830.0,25,视频播放,6000,0
11.5,56.07,830.0,25,视频播放,6000,0
11.75,55.14,830.0,25,视频播放,6000,0
12.0,54.2,830.0,25,视频播放,6000,0
12.25,53.27,830.0,25,视频播放,6000,0
12.5,52.33,830.0,25,视频播放,6000,0
12.75,51.4,830.0,25,视频播放,6000,0
13.0,50.46,830.0,25,视频播放,6000,0
13.25,49.53,830.0,25,视频播放,6000,0
13.5,48.59,830.0,25,视频播放,6000,0
13.75,47.66,830.0,25,视频播放,6000,0
14.0,46.72,830.0,25,视频播放,6000,0
14.25,45.79,830.0,25,视频播放,6000,0
14.5,44.85,830.0,25,视频播放,6000,0
14.75,43.92,830.0,25,视频播放,6000,0
15.0,42.98,830.0,25,视频播放,6000,0
15.25,42.05,830.0,25,视频播放,6000,0
15.5,41.11,830.0,25,视频播放,6000,0
15.75,40.18,830.0,25,视频播放,6000,0
16.0,39.25,830.0,25,视频播放,6000,0
16.25,38.31,830.0,25,视频播放,6000,0
16.5,37.38,830.0,25,视频播放,6000,0
16.75,36.44,830.0,25,视频播放,6000,0
17.0,35.51,830.0,25,视频播放,6000,0
17.25,34.57,830.0,25,视频播放,6000,0
17.5,33.64,830.0,25,视频播放,6000,0
17.75,32.7,830.0,25,视频播放,6000,0
18.0,31.77,830.0,25,视频播放,6000,0
18.25,30.83,830.0,25,视频播放,6000,0
18.5,29.9,830.0,25,视频播放,6000,0
18.75,28.96,830.0,25,视频播放,6000,0
19.0,28.03,830.0,25,视频播放,6000,0
19.25,27.09,830.0,25,视频播放,6000,0
19.5,26.16,830.0,25,视频播放,6000,0
19.75,25.23,830.0,25,视频播放,6000,0
20.0,24.29,830.0,25,视频播放,6000,0
20.25,23.36,830.0,25,视频播放,6000,0
20.5,22.42,830.0,25,视频播放,6000,0
20.75,21.49,830.0,25,视频播放,6000,0
21.0,20.55,830.0,25,视频播放,6000,0
21.25,19.62,830.0,25,视频播放,6000,0
21.5,18.68,830.0,25,视频播放,6000,0
21.75,17.75,830.0,25,视频播放,6000,0
22.0,16.81,830.0,25,视频播放,6000,0
22.25,15.88,830.0,25,视频播放,6000,0
22.5,14.94,830.0,25,视频播放,6000,0
22.75,14.01,830.0,25,视频播放,6000,0
23.0,13.07,830.0,25,视频播放,6000,0
23.25,12.14,830.0,25,视频播放,6000,0
23.5,11.2,830.0,25,视频播放,6000,0
23.75,10.27,830.0,25,视频播放,6000,0
24.0,9.34,830.0,25,视频播放,6000,0
0,97.94,913.0,25,视频播放,3000,0.2
0.25,95.89,913.0,25,视频播放,3000,0.2
0.5,93.83,913.0,25,视频播放,3000,0.2
0.75,91.77,913.0,25,视频播放,3000,0.2
1.0,89.72,913.0,25,视频播放,3000,0.2
1.25,87.66,913.0,25,视频播放,3000,0.2
1.5,85.61,913.0,25,视频播放,3000,0.2
1.75,83.55,913.0,25,视频播放,3000,0.2
2.0,81.49,913.0,25,视频播放,3000,0.2
2.25,79.44,913.0,25,视频播放,3000,0.2
2.5,77.38,913.0,25,视频播放,3000,0.2
2.75,75.32,913.0,25,视频播放,3000,0.2
3.0,73.27,913.0,25,视频播放,3000,0.2
3.25,71.21,913.0,25,视频播放,3000,0.2
3.5,69.16,913.0,25,视频播放,3000,0.2
3.75,67.1,913.0,25,视频播放,3000,0.2
4.0,65.04,913.0,25,视频播放,3000,0.2
4.25,62.99,913.0,25,视频播放,3000,0.2
4.5,60.93,913.0,25,视频播放,3000,0.2
4.75,58.87,913.0,25,视频播放,3000,0.2
5.0,56.82,913.0,25,视频播放,3000,0.2
5.25,54.76,913.0,25,视频播放,3000,0.2
5.5,52.7,913.0,25,视频播放,3000,0.2
5.75,50.65,913.0,25,视频播放,3000,0.2
6.0,48.59,913.0,25,视频播放,3000,0.2
6.25,46.54,913.0,25,视频播放,3000,0.2
6.5,44.48,913.0,25,视频播放,3000,0.2
6.75,42.42,913.0,25,视频播放,3000,0.2
7.0,40.37,913.0,25,视频播放,3000,0.2
7.25,38.31,913.0,25,视频播放,3000,0.2
7.5,36.25,913.0,25,视频播放,3000,0.2
7.75,34.2,913.0,25,视频播放,3000,0.2
8.0,32.14,913.0,25,视频播放,3000,0.2
8.25,30.09,913.0,25,视频播放,3000,0.2
8.5,28.03,913.0,25,视频播放,3000,0.2
8.75,25.97,913.0,25,视频播放,3000,0.2
9.0,23.92,913.0,25,视频播放,3000,0.2
9.25,21.86,913.0,25,视频播放,3000,0.2
9.5,19.8,913.0,25,视频播放,3000,0.2
9.75,17.75,913.0,25,视频播放,3000,0.2
10.0,15.69,913.0,25,视频播放,3000,0.2
10.25,13.64,913.0,25,视频播放,3000,0.2
10.5,11.58,913.0,25,视频播放,3000,0.2
10.75,9.52,913.0,25,视频播放,3000,0.2
11.0,7.47,913.0,25,视频播放,3000,0.2
11.25,5.41,913.0,25,视频播放,3000,0.2
11.5,3.35,913.0,25,视频播放,3000,0.2
11.75,1.3,913.0,25,视频播放,3000,0.2
12.0,0,913.0,25,视频播放,3000,0.2
0,98.46,913.0,25,视频播放,4000,0.2
0.25,96.92,913.0,25,视频播放,4000,0.2
0.5,95.37,913.0,25,视频播放,4000,0.2
0.75,93.83,913.0,25,视频播放,4000,0.2
1.0,92.29,913.0,25,视频播放,4000,0.2
1.25,90.75,913.0,25,视频播放,4000,0.2
1.5,89.2,913.0,25,视频播放,4000,0.2
1.75,87.66,913.0,25,视频播放,4000,0.2
2.0,86.12,913.0,25,视频播放,4000,0.2
2.25,84.58,913.0,25,视频播放,4000,0.2
2.5,83.04,913.0,25,视频播放,4000,0.2
2.75,81.49,913.0,25,视频播放,4000,0.2
3.0,79.95,913.0,25,视频播放,4000,0.2
3.25,78.41,913.0,25,视频播放,4000,0.2
3.5,76.87,913.0,25,视频播放,4000,0.2
3.75,75.32,913.0,25,视频播放,4000,0.2
4.0,73.78,913.0,25,视频播放,4000,0.2
4.25,72.24,913.0,25,视频播放,4000,0.2
4.5,70.7,913.0,25,视频播放,4000,0.2
4.75,69.16,913.0,25,视频播放,4000,0.2
5.0,67.61,913.0,25,视频播放,4000,0.2
5.25,66.07,913.0,25,视频播放,4000,0.2
5.5,64.53,913.0,25,视频播放,4000,0.2
5.75,62.99,913.0,25,视频播放,4000,0.2
6.0,61.44,913.0,25,视频播放,4000,0.2
6.25,59.9,913.0,25,视频播放,4000,0.2
6.5,58.36,913.0,25,视频播放,4000,0.2
6.75,56.82,913.0,25,视频播放,4000,0.2
7.0,55.28,913.0,25,视频播放,4000,0.2
7.25,53.73,913.0,25,视频播放,4000,0.2
7.5,52.19,913.0,25,视频播放,4000,0.2
7.75,50.65,913.0,25,视频播放,4000,0.2
8.0,49.11,913.0,25,视频播放,4000,0.2
8.25,47.56,913.0,25,视频播放,4000,0.2
8.5,46.02,913.0,25,视频播放,4000,0.2
8.75,44.48,913.0,25,视频播放,4000,0.2
9.0,42.94,913.0,25,视频播放,4000,0.2
9.25,41.4,913.0,25,视频播放,4000,0.2
9.5,39.85,913.0,25,视频播放,4000,0.2
9.75,38.31,913.0,25,视频播放,4000,0.2
10.0,36.77,913.0,25,视频播放,4000,0.2
10.25,35.23,913.0,25,视频播放,4000,0.2
10.5,33.68,913.0,25,视频播放,4000,0.2
10.75,32.14,913.0,25,视频播放,4000,0.2
11.0,30.6,913.0,25,视频播放,4000,0.2
11.25,29.06,913.0,25,视频播放,4000,0.2
11.5,27.52,913.0,25,视频播放,4000,0.2
11.75,25.97,913.0,25,视频播放,4000,0.2
12.0,24.43,913.0,25,视频播放,4000,0.2
12.25,22.89,913.0,25,视频播放,4000,0.2
12.5,21.35,913.0,25,视频播放,4000,0.2
12.75,19.8,913.0,25,视频播放,4000,0.2
13.0,18.26,913.0,25,视频播放,4000,0.2
13.25,16.72,913.0,25,视频播放,4000,0.2
13.5,15.18,913.0,25,视频播放,4000,0.2
13.75,13.64,913.0,25,视频播放,4000,0.2
14.0,12.09,913.0,25,视频播放,4000,0.2
14.25,10.55,913.0,25,视频播放,4000,0.2
14.5,9.01,913.0,25,视频播放,4000,0.2
14.75,7.47,913.0,25,视频播放,4000,0.2
15.0,5.92,913.0,25,视频播放,4000,0.2
15.25,4.38,913.0,25,视频播放,4000,0.2
15.5,2.84,913.0,25,视频播放,4000,0.2
15.75,1.3,913.0,25,视频播放,4000,0.2
16.0,0,913.0,25,视频播放,4000,0.2
0,98.77,913.0,25,视频播放,5000,0.2
0.25,97.53,913.0,25,视频播放,5000,0.2
0.5,96.3,913.0,25,视频播放,5000,0.2
0.75,95.06,913.0,25,视频播放,5000,0.2
1.0,93.83,913.0,25,视频播放,5000,0.2
1.25,92.6,913.0,25,视频播放,5000,0.2
1.5,91.36,913.0,25,视频播放,5000,0.2
1.75,90.13,913.0,25,视频播放,5000,0.2
2.0,88.9,913.0,25,视频播放,5000,0.2
2.25,87.66,913.0,25,视频播放,5000,0.2
2.5,86.43,913.0,25,视频播放,5000,0.2
2.75,85.19,913.0,25,视频播放,5000,0.2
3.0,83.96,913.0,25,视频播放,5000,0.2
3.25,82.73,913.0,25,视频播放,5000,0.2
3.5,81.49,913.0,25,视频播放,5000,0.2
3.75,80.26,913.0,25,视频播放,5000,0.2
4.0,79.03,913.0,25,视频播放,5000,0.2
4.25,77.79,913.0,25,视频播放,5000,0.2
4.5,76.56,913.0,25,视频播放,5000,0.2
4.75,75.32,913.0,25,视频播放,5000,0.2
5.0,74.09,913.0,25,视频播放,5000,0.2
5.25,72.86,913.0,25,视频播放,5000,0.2
5.5,71.62,913.0,25,视频播放,5000,0.2
5.75,70.39,913.0,25,视频播放,5000,0.2
6.0,69.16,913.0,25,视频播放,5000,0.2
6.25,67.92,913.0,25,视频播放,5000,0.2
6.5,66.69,913.0,25,视频播放,5000,0.2
6.75,65.45,913.0,25,视频播放,5000,0.2
7.0,64.22,913.0,25,视频播放,5000,0.2
7.25,62.99,913.0,25,视频播放,5000,0.2
7.5,61.75,913.0,25,视频播放,5000,0.2
7.75,60.52,913.0,25,视频播放,5000,0.2
8.0,59.29,913.0,25,视频播放,5000,0.2
8.25,58.05,913.0,25,视频播放,5000,0.2
8.5,56.82,913.0,25,视频播放,5000,0.2
8.75,55.58,913.0,25,视频播放,5000,0.2
9.0,54.35,913.0,25,视频播放,5000,0.2
9.25,53.12,913.0,25,视频播放,5000,0.2
9.5,51.88,913.0,25,视频播放,5000,0.2
9.75,50.65,913.0,25,视频播放,5000,0.2
10.0,49.41,913.0,25,视频播放,5000,0.2
10.25,48.18,913.0,25,视频播放,5000,0.2
10.5,46.95,913.0,25,视频播放,5000,0.2
10.75,45.71,913.0,25,视频播放,5000,0.2
11.0,44.48,913.0,25,视频播放,5000,0.2
11.25,43.25,913.0,25,视频播放,5000,0.2
11.5,42.01,913.0,25,视频播放,5000,0.2
11.75,40.78,913.0,25,视频播放,5000,0.2
12.0,39.54,913.0,25,视频播放,5000,0.2
12.25,38.31,913.0,25,视频播放,5000,0.2
12.5,37.08,913.0,25,视频播放,5000,0.2
12.75,35.84,913.0,25,视频播放,5000,0.2
13.0,34.61,913.0,25,视频播放,5000,0.2
13.25,33.38,913.0,25,视频播放,5000,0.2
13.5,32.14,913.0,25,视频播放,5000,0.2
13.75,30.91,913.0,25,视频播放,5000,0.2
14.0,29.67,913.0,25,视频播放,5000,0.2
14.25,28.44,913.0,25,视频播放,5000,0.2
14.5,27.21,913.0,25,视频播放,5000,0.2
14.75,25.97,913.0,25,视频播放,5000,0.2
15.0,24.74,913.0,25,视频播放,5000,0.2
15.25,23.51,913.0,25,视频播放,5000,0.2
15.5,22.27,913.0,25,视频播放,5000,0.2
15.75,21.04,913.0,25,视频播放,5000,0.2
16.0,19.8,913.0,25,视频播放,5000,0.2
16.25,18.57,913.0,25,视频播放,5000,0.2
16.5,17.34,913.0,25,视频播放,5000,0.2
16.75,16.1,913.0,25,视频播放,5000,0.2
17.0,14.87,913.0,25,视频播放,5000,0.2
17.25,13.64,913.0,25,视频播放,5000,0.2
17.5,12.4,913.0,25,视频播放,5000,0.2
17.75,11.17,913.0,25,视频播放,5000,0.2
18.0,9.93,913.0,25,视频播放,5000,0.2
18.25,8.7,913.0,25,视频播放,5000,0.2
18.5,7.47,913.0,25,视频播放,5000,0.2
18.75,6.23,913.0,25,视频播放,5000,0.2
19.0,5.0,913.0,25,视频播放,5000,0.2
19.25,3.76,913.0,25,视频播放,5000,0.2
19.5,2.53,913.0,25,视频播放,5000,0.2
19.75,1.3,913.0,25,视频播放,5000,0.2
20.0,0.06,913.0,25,视频播放,5000,0.2
20.25,0,913.0,25,视频播放,5000,0.2
0,98.97,913.0,25,视频播放,6000,0.2
0.25,97.94,913.0,25,视频播放,6000,0.2
0.5,96.92,913.0,25,视频播放,6000,0.2
0.75,95.89,913.0,25,视频播放,6000,0.2
1.0,94.86,913.0,25,视频播放,6000,0.2
1.25,93.83,913.0,25,视频播放,6000,0.2
1.5,92.8,913.0,25,视频播放,6000,0.2
1.75,91.77,913.0,25,视频播放,6000,0.2
2.0,90.75,913.0,25,视频播放,6000,0.2
2.25,89.72,913.0,25,视频播放,6000,0.2
2.5,88.69,913.0,25,视频播放,6000,0.2
2.75,87.66,913.0,25,视频播放,6000,0.2
3.0,86.63,913.0,25,视频播放,6000,0.2
3.25,85.61,913.0,25,视频播放,6000,0.2
3.5,84.58,913.0,25,视频播放,6000,0.2
3.75,83.55,913.0,25,视频播放,6000,0.2
4.0,82.52,913.0,25,视频播放,6000,0.2
4.25,81.49,913.0,25,视频播放,6000,0.2
4.5,80.47,913.0,25,视频播放,6000,0.2
4.75,79.44,913.0,25,视频播放,6000,0.2
5.0,78.41,913.0,25,视频播放,6000,0.2
5.25,77.38,913.0,25,视频播放,6000,0.2
5.5,76.35,913.0,25,视频播放,6000,0.2
5.75,75.32,913.0,25,视频播放,6000,0.2
6.0,74.3,913.0,25,视频播放,6000,0.2
6.25,73.27,913.0,25,视频播放,6000,0.2
6.5,72.24,913.0,25,视频播放,6000,0.2
6.75,71.21,913.0,25,视频播放,6000,0.2
7.0,70.18,913.0,25,视频播放,6000,0.2
7.25,69.16,913.0,25,视频播放,6000,0.2
7.5,68.13,913.0,25,视频播放,6000,0.2
7.75,67.1,913.0,25,视频播放,6000,0.2
8.0,66.07,913.0,25,视频播放,6000,0.2
8.25,65.04,913.0,25,视频播放,6000,0.2
8.5,64.01,913.0,25,视频播放,6000,0.2
8.75,62.99,913.0,25,视频播放,6000,0.2
9.0,61.96,913.0,25,视频播放,6000,0.2
9.25,60.93,913.0,25,视频播放,6000,0.2
9.5,59.9,913.0,25,视频播放,6000,0.2
9.75,58.87,913.0,25,视频播放,6000,0.2
10.0,57.85,913.0,25,视频播放,6000,0.2
10.25,56.82,913.0,25,视频播放,6000,0.2
10.5,55.79,913.0,25,视频播放,6000,0.2
10.75,54.76,913.0,25,视频播放,6000,0.2
11.0,53.73,913.0,25,视频播放,6000,0.2
11.25,52.7,913.0,25,视频播放,6000,0.2
11.5,51.68,913.0,25,视频播放,6000,0.2
11.75,50.65,913.0,25,视频播放,6000,0.2
12.0,49.62,913.0,25,视频播放,6000,0.2
12.25,48.59,913.0,25,视频播放,6000,0.2
12.5,47.56,913.0,25,视频播放,6000,0.2
12.75,46.54,913.0,25,视频播放,6000,0.2
13.0,45.51,913.0,25,视频播放,6000,0.2
13.25,44.48,913.0,25,视频播放,6000,0.2
13.5,43.45,913.0,25,视频播放,6000,0.2
13.75,42.42,913.0,25,视频播放,6000,0.2
14.0,41.4,913.0,25,视频播放,6000,0.2
14.25,40.37,913.0,25,视频播放,6000,0.2
14.5,39.34,913.0,25,视频播放,6000,0.2
14.75,38.31,913.0,25,视频播放,6000,0.2
15.0,37.28,913.0,25,视频播放,6000,0.2
15.25,36.25,913.0,25,视频播放,6000,0.2
15.5,35.23,913.0,25,视频播放,6000,0.2
15.75,34.2,913.0,25,视频播放,6000,0.2
16.0,33.17,913.0,25,视频播放,6000,0.2
16.25,32.14,913.0,25,视频播放,6000,0.2
16.5,31.11,913.0,25,视频播放,6000,0.2
16.75,30.09,913.0,25,视频播放,6000,0.2
17.0,29.06,913.0,25,视频播放,6000,0.2
17.25,28.03,913.0,25,视频播放,6000,0.2
17.5,27.0,913.0,25,视频播放,6000,0.2
17.75,25.97,913.0,25,视频播放,6000,0.2
18.0,24.94,913.0,25,视频播放,6000,0.2
18.25,23.92,913.0,25,视频播放,6000,0.2
18.5,22.89,913.0,25,视频播放,6000,0.2
18.75,21.86,913.0,25,视频播放,6000,0.2
19.0,20.83,913.0,25,视频播放,6000,0.2
19.25,19.8,913.0,25,视频播放,6000,0.2
19.5,18.78,913.0,25,视频播放,6000,0.2
19.75,17.75,913.0,25,视频播放,6000,0.2
20.0,16.72,913.0,25,视频播放,6000,0.2
20.25,15.69,913.0,25,视频播放,6000,0.2
20.5,14.66,913.0,25,视频播放,6000,0.2
20.75,13.64,913.0,25,视频播放,6000,0.2
21.0,12.61,913.0,25,视频播放,6000,0.2
21.25,11.58,913.0,25,视频播放,6000,0.2
21.5,10.55,913.0,25,视频播放,6000,0.2
21.75,9.52,913.0,25,视频播放,6000,0.2
22.0,8.49,913.0,25,视频播放,6000,0.2
22.25,7.47,913.0,25,视频播放,6000,0.2
22.5,6.44,913.0,25,视频播放,6000,0.2
22.75,5.41,913.0,25,视频播放,6000,0.2
23.0,4.38,913.0,25,视频播放,6000,0.2
23.25,3.35,913.0,25,视频播放,6000,0.2
23.5,2.33,913.0,25,视频播放,6000,0.2
23.75,1.3,913.0,25,视频播放,6000,0.2
24.0,0.27,913.0,25,视频播放,6000,0.2
0,97.76,996.0,25,视频播放,3000,0.4
0.25,95.51,996.0,25,视频播放,3000,0.4
0.5,93.27,996.0,25,视频播放,3000,0.4
0.75,91.03,996.0,25,视频播放,3000,0.4
1.0,88.78,996.0,25,视频播放,3000,0.4
1.25,86.54,996.0,25,视频播放,3000,0.4
1.5,84.3,996.0,25,视频播放,3000,0.4
1.75,82.05,996.0,25,视频播放,3000,0.4
2.0,79.81,996.0,25,视频播放,3000,0.4
2.25,77.57,996.0,25,视频播放,3000,0.4
2.5,75.32,996.0,25,视频播放,3000,0.4
2.75,73.08,996.0,25,视频播放,3000,0.4
3.0,70.84,996.0,25,视频播放,3000,0.4
3.25,68.59,996.0,25,视频播放,3000,0.4
3.5,66.35,996.0,25,视频播放,3000,0.4
3.75,64.11,996.0,25,视频播放,3000,0.4
4.0,61.86,996.0,25,视频播放,3000,0.4
4.25,59.62,996.0,25,视频播放,3000,0.4
4.5,57.38,996.0,25,视频播放,3000,0.4
4.75,55.14,996.0,25,视频播放,3000,0.4
5.0,52.89,996.0,25,视频播放,3000,0.4
5.25,50.65,996.0,25,视频播放,3000,0.4
5.5,48.41,996.0,25,视频播放,3000,0.4
5.75,46.16,996.0,25,视频播放,3000,0.4
6.0,43.92,996.0,25,视频播放,3000,0.4
6.25,41.68,996.0,25,视频播放,3000,0.4
6.5,39.43,996.0,25,视频播放,3000,0.4
6.75,37.19,996.0,25,视频播放,3000,0.4
7.0,34.95,996.0,25,视频播放,3000,0.4
7.25,32.7,996.0,25,视频播放,3000,0.4
7.5,30.46,996.0,25,视频播放,3000,0.4
7.75,28.22,996.0,25,视频播放,3000,0.4
8.0,25.97,996.0,25,视频播放,3000,0.4
8.25,23.73,996.0,25,视频播放,3000,0.4
8.5,21.49,996.0,25,视频播放,3000,0.4
8.75,19.24,996.0,25,视频播放,3000,0.4
9.0,17.0,996.0,25,视频播放,3000,0.4
9.25,14.76,996.0,25,视频播放,3000,0.4
9.5,12.51,996.0,25,视频播放,3000,0.4
9.75,10.27,996.0,25,视频播放,3000,0.4
10.0,8.03,996.0,25,视频播放,3000,0.4
10.25,5.78,996.0,25,视频播放,3000,0.4
10.5,3.54,996.0,25,视频播放,3000,0.4
10.75,1.3,996.0,25,视频播放,3000,0.4
11.0,0,996.0,25,视频播放,3000,0.4
0,98.32,996.0,25,视频播放,4000,0.4
0.25,96.64,996.0,25,视频播放,4000,0.4
0.5,94.95,996.0,25,视频播放,4000,0.4
0.75,93.27,996.0,25,视频播放,4000,0.4
1.0,91.59,996.0,25,视频播放,4000,0.4
1.25,89.91,996.0,25,视频播放,4000,0.4
1.5,88.22,996.0,25,视频播放,4000,0.4
1.75,86.54,996.0,25,视频播放,4000,0.4
2.0,84.86,996.0,25,视频播放,4000,0.4
2.25,83.18,996.0,25,视频播放,4000,0.4
2.5,81.49,996.0,25,视频播放,4000,0.4
2.75,79.81,996.0,25,视频播放,4000,0.4
3.0,78.13,996.0,25,视频播放,4000,0.4
3.25,76.45,996.0,25,视频播放,4000,0.4
3.5,74.76,996.0,25,视频播放,4000,0.4
3.75,73.08,996.0,25,视频播放,4000,0.4
4.0,71.4,996.0,25,视频播放,4000,0.4
4.25,69.72,996.0,25,视频播放,4000,0.4
4.5,68.03,996.0,25,视频播放,4000,0.4
4.75,66.35,996.0,25,视频播放,4000,0.4
5.0,64.67,996.0,25,视频播放,4000,0.4
5.25,62.99,996.0,25,视频播放,4000,0.4
5.5,61.3,996.0,25,视频播放,4000,0.4
5.75,59.62,996.0,25,视频播放,4000,0.4
6.0,57.94,996.0,25,视频播放,4000,0.4
6.25,56.26,996.0,25,视频播放,4000,0.4
6.5,54.57,996.0,25,视频播放,4000,0.4
6.75,52.89,996.0,25,视频播放,4000,0.4
7.0,51.21,996.0,25,视频播放,4000,0.4
7.25,49.53,996.0,25,视频播放,4000,0.4
7.5,47.84,996.0,25,视频播放,4000,0.4
7.75,46.16,996.0,25,视频播放,4000,0.4
8.0,44.48,996.0,25,视频播放,4000,0.4
8.25,42.8,996.0,25,视频播放,4000,0.4
8.5,41.11,996.0,25,视频播放,4000,0.4
8.75,39.43,996.0,25,视频播放,4000,0.4
9.0,37.75,996.0,25,视频播放,4000,0.4
9.25,36.07,996.0,25,视频播放,4000,0.4
9.5,34.39,996.0,25,视频播放,4000,0.4
9.75,32.7,996.0,25,视频播放,4000,0.4
10.0,31.02,996.0,25,视频播放,4000,0.4
10.25,29.34,996.0,25,视频播放,4000,0.4
10.5,27.66,996.0,25,视频播放,4000,0.4
10.75,25.97,996.0,25,视频播放,4000,0.4
11.0,24.29,996.0,25,视频播放,4000,0.4
11.25,22.61,996.0,25,视频播放,4000,0.4
11.5,20.93,996.0,25,视频播放,4000,0.4
11.75,19.24,996.0,25,视频播放,4000,0.4
12.0,17.56,996.0,25,视频播放,4000,0.4
12.25,15.88,996.0,25,视频播放,4000,0.4
12.5,14.2,996.0,25,视频播放,4000,0.4
12.75,12.51,996.0,25,视频播放,4000,0.4
13.0,10.83,996.0,25,视频播放,4000,0.4
13.25,9.15,996.0,25,视频播放,4000,0.4
13.5,7.47,996.0,25,视频播放,4000,0.4
13.75,5.78,996.0,25,视频播放,4000,0.4
14.0,4.1,996.0,25,视频播放,4000,0.4
14.25,2.42,996.0,25,视频播放,4000,0.4
14.5,0.74,996.0,25,视频播放,4000,0.4
14.75,0,996.0,25,视频播放,4000,0.4
0,98.65,996.0,25,视频播放,5000,0.4
0.25,97.31,996.0,25,视频播放,5000,0.4
0.5,95.96,996.0,25,视频播放,5000,0.4
0.75,94.62,996.0,25,视频播放,5000,0.4
1.0,93.27,996.0,25,视频播放,5000,0.4
1.25,91.92,996.0,25,视频播放,5000,0.4
1.5,90.58,996.0,25,视频播放,5000,0.4
1.75,89.23,996.0,25,视频播放,5000,0.4
2.0,87.89,996.0,25,视频播放,5000,0.4
2.25,86.54,996.0,25,视频播放,5000,0.4
2.5,85.19,996.0,25,视频播放,5000,0.4
2.75,83.85,996.0,25,视频播放,5000,0.4
3.0,82.5,996.0,25,视频播放,5000,0.4
3.25,81.16,996.0,25,视频播放,5000,0.4
3.5,79.81,996.0,25,视频播放,5000,0.4
3.75,78.46,996.0,25,视频播放,5000,0.4
4.0,77.12,996.0,25,视频播放,5000,0.4
4.25,75.77,996.0,25,视频播放,5000,0.4
4.5,74.43,996.0,25,视频播放,5000,0.4
4.75,73.08,996.0,25,视频播放,5000,0.4
5.0,71.74,996.0,25,视频播放,5000,0.4
5.25,70.39,996.0,25,视频播放,5000,0.4
5.5,69.04,996.0,25,视频播放,5000,0.4
5.75,67.7,996.0,25,视频播放,5000,0.4
6.0,66.35,996.0,25,视频播放,5000,0.4
6.25,65.01,996.0,25,视频播放,5000,0.4
6.5,63.66,996.0,25,视频播放,5000,0.4
6.75,62.31,996.0,25,视频播放,5000,0.4
7.0,60.97,996.0,25,视频播放,5000,0.4
7.25,59.62,996.0,25,视频播放,5000,0.4
7.5,58.28,996.0,25,视频播放,5000,0.4
7.75,56.93,996.0,25,视频播放,5000,0.4
8.0,55.58,996.0,25,视频播放,5000,0.4
8.25,54.24,996.0,25,视频播放,5000,0.4
8.5,52.89,996.0,25,视频播放,5000,0.4
8.75,51.55,996.0,25,视频播放,5000,0.4
9.0,50.2,996.0,25,视频播放,5000,0.4
9.25,48.85,996.0,25,视频播放,5000,0.4
9.5,47.51,996.0,25,视频播放,5000,0.4
9.75,46.16,996.0,25,视频播放,5000,0.4
10.0,44.82,996.0,25,视频播放,5000,0.4
10.25,43.47,996.0,25,视频播放,5000,0.4
10.5,42.12,996.0,25,视频播放,5000,0.4
10.75,40.78,996.0,25,视频播放,5000,0.4
11.0,39.43,996.0,25,视频播放,5000,0.4
11.25,38.09,996.0,25,视频播放,5000,0.4
11.5,36.74,996.0,25,视频播放,5000,0.4
11.75,35.39,996.0,25,视频播放,5000,0.4
12.0,34.05,996.0,25,视频播放,5000,0.4
12.25,32.7,996.0,25,视频播放,5000,0.4
12.5,31.36,996.0,25,视频播放,5000,0.4
12.75,30.01,996.0,25,视频播放,5000,0.4
13.0,28.66,996.0,25,视频播放,5000,0.4
13.25,27.32,996.0,25,视频播放,5000,0.4
13.5,25.97,996.0,25,视频播放,5000,0.4
13.75,24.63,996.0,25,视频播放,5000,0.4
14.0,23.28,996.0,25,视频播放,5000,0.4
14.25,21.94,996.0,25,视频播放,5000,0.4
14.5,20.59,996.0,25,视频播放,5000,0.4
14.75,19.24,996.0,25,视频播放,5000,0.4
15.0,17.9,996.0,25,视频播放,5000,0.4
15.25,16.55,996.0,25,视频播放,5000,0.4
15.5,15.21,996.0,25,视频播放,5000,0.4
15.75,13.86,996.0,25,视频播放,5000,0.4
16.0,12.51,996.0,25,视频播放,5000,0.4
16.25,11.17,996.0,25,视频播放,5000,0.4
16.5,9.82,996.0,25,视频播放,5000,0.4
16.75,8.48,996.0,25,视频播放,5000,0.4
17.0,7.13,996.0,25,视频播放,5000,0.4
17.25,5.78,996.0,25,视频播放,5000,0.4
17.5,4.44,996.0,25,视频播放,5000,0.4
17.75,3.09,996.0,25,视频播放,5000,0.4
18.0,1.75,996.0,25,视频播放,5000,0.4
18.25,0.4,996.0,25,视频播放,5000,0.4
18.5,0,996.0,25,视频播放,5000,0.4
0,98.88,996.0,25,视频播放,6000,0.4
0.25,97.76,996.0,25,视频播放,6000,0.4
0.5,96.64,996.0,25,视频播放,6000,0.4
0.75,95.51,996.0,25,视频播放,6000,0.4
1.0,94.39,996.0,25,视频播放,6000,0.4
1.25,93.27,996.0,25,视频播放,6000,0.4
1.5,92.15,996.0,25,视频播放,6000,0.4
1.75,91.03,996.0,25,视频播放,6000,0.4
2.0,89.91,996.0,25,视频播放,6000,0.4
2.25,88.78,996.0,25,视频播放,6000,0.4
2.5,87.66,996.0,25,视频播放,6000,0.4
2.75,86.54,996.0,25,视频播放,6000,0.4
3.0,85.42,996.0,25,视频播放,6000,0.4
3.25,84.3,996.0,25,视频播放,6000,0.4
3.5,83.18,996.0,25,视频播放,6000,0.4
3.75,82.05,996.0,25,视频播放,6000,0.4
4.0,80.93,996.0,25,视频播放,6000,0.4
4.25,79.81,996.0,25,视频播放,6000,0.4
4.5,78.69,996.0,25,视频播放,6000,0.4
4.75,77.57,996.0,25,视频播放,6000,0.4
5.0,76.45,996.0,25,视频播放,6000,0.4
5.25,75.32,996.0,25,视频播放,6000,0.4
5.5,74.2,996.0,25,视频播放,6000,0.4
5.75,73.08,996.0,25,视频播放,6000,0.4
6.0,71.96,996.0,25,视频播放,6000,0.4
6.25,70.84,996.0,25,视频播放,6000,0.4
6.5,69.72,996.0,25,视频播放,6000,0.4
6.75,68.59,996.0,25,视频播放,6000,0.4
7.0,67.47,996.0,25,视频播放,6000,0.4
7.25,66.35,996.0,25,视频播放,6000,0.4
7.5,65.23,996.0,25,视频播放,6000,0.4
7.75,64.11,996.0,25,视频播放,6000,0.4
8.0,62.99,996.0,25,视频播放,6000,0.4
8.25,61.86,996.0,25,视频播放,6000,0.4
8.5,60.74,996.0,25,视频播放,6000,0.4
8.75,59.62,996.0,25,视频播放,6000,0.4
9.0,58.5,996.0,25,视频播放,6000,0.4
9.25,57.38,996.0,25,视频播放,6000,0.4
9.5,56.26,996.0,25,视频播放,6000,0.4
9.75,55.14,996.0,25,视频播放,6000,0.4
10.0,54.01,996.0,25,视频播放,6000,0.4
10.25,52.89,996.0,25,视频播放,6000,0.4
10.5,51.77,996.0,25,视频播放,6000,0.4
10.75,50.65,996.0,25,视频播放,6000,0.4
11.0,49.53,996.0,25,视频播放,6000,0.4
11.25,48.41,996.0,25,视频播放,6000,0.4
11.5,47.28,996.0,25,视频播放,6000,0.4
11.75,46.16,996.0,25,视频播放,6000,0.4
12.0,45.04,996.0,25,视频播放,6000,0.4
12.25,43.92,996.0,25,视频播放,6000,0.4
12.5,42.8,996.0,25,视频播放,6000,0.4
12.75,41.68,996.0,25,视频播放,6000,0.4
13.0,40.55,996.0,25,视频播放,6000,0.4
13.25,39.43,996.0,25,视频播放,6000,0.4
13.5,38.31,996.0,25,视频播放,6000,0.4
13.75,37.19,996.0,25,视频播放,6000,0.4
14.0,36.07,996.0,25,视频播放,6000,0.4
14.25,34.95,996.0,25,视频播放,6000,0.4
14.5,33.82,996.0,25,视频播放,6000,0.4
14.75,32.7,996.0,25,视频播放,6000,0.4
15.0,31.58,996.0,25,视频播放,6000,0.4
15.25,30.46,996.0,25,视频播放,6000,0.4
15.5,29.34,996.0,25,视频播放,6000,0.4
15.75,28.22,996.0,25,视频播放,6000,0.4
16.0,27.09,996.0,25,视频播放,6000,0.4
16.25,25.97,996.0,25,视频播放,6000,0.4
16.5,24.85,996.0,25,视频播放,6000,0.4
16.75,23.73,996.0,25,视频播放,6000,0.4
17.0,22.61,996.0,25,视频播放,6000,0.4
17.25,21.49,996.0,25,视频播放,6000,0.4
17.5,20.36,996.0,25,视频播放,6000,0.4
17.75,19.24,996.0,25,视频播放,6000,0.4
18.0,18.12,996.0,25,视频播放,6000,0.4
18.25,17.0,996.0,25,视频播放,6000,0.4
18.5,15.88,996.0,25,视频播放,6000,0.4
18.75,14.76,996.0,25,视频播放,6000,0.4
19.0,13.64,996.0,25,视频播放,6000,0.4
19.25,12.51,996.0,25,视频播放,6000,0.4
19.5,11.39,996.0,25,视频播放,6000,0.4
19.75,10.27,996.0,25,视频播放,6000,0.4
20.0,9.15,996.0,25,视频播放,6000,0.4
20.25,8.03,996.0,25,视频播放,6000,0.4
20.5,6.91,996.0,25,视频播放,6000,0.4
20.75,5.78,996.0,25,视频播放,6000,0.4
21.0,4.66,996.0,25,视频播放,6000,0.4
21.25,3.54,996.0,25,视频播放,6000,0.4
21.5,2.42,996.0,25,视频播放,6000,0.4
21.75,1.3,996.0,25,视频播放,6000,0.4
22.0,0.18,996.0,25,视频播放,6000,0.4
22.25,0,996.0,25,视频播放,6000,0.4
0,97.57,1079.0,25,视频播放,3000,0.6
0.25,95.14,1079.0,25,视频播放,3000,0.6
0.5,92.71,1079.0,25,视频播放,3000,0.6
0.75,90.28,1079.0,25,视频播放,3000,0.6
1.0,87.85,1079.0,25,视频播放,3000,0.6
1.25,85.42,1079.0,25,视频播放,3000,0.6
1.5,82.99,1079.0,25,视频播放,3000,0.6
1.75,80.56,1079.0,25,视频播放,3000,0.6
2.0,78.13,1079.0,25,视频播放,3000,0.6
2.25,75.7,1079.0,25,视频播放,3000,0.6
2.5,73.27,1079.0,25,视频播放,3000,0.6
2.75,70.84,1079.0,25,视频播放,3000,0.6
3.0,68.41,1079.0,25,视频播放,3000,0.6
3.25,65.98,1079.0,25,视频播放,3000,0.6
3.5,63.55,1079.0,25,视频播放,3000,0.6
3.75,61.12,1079.0,25,视频播放,3000,0.6
4.0,58.69,1079.0,25,视频播放,3000,0.6
4.25,56.26,1079.0,25,视频播放,3000,0.6
4.5,53.83,1079.0,25,视频播放,3000,0.6
4.75,51.4,1079.0,25,视频播放,3000,0.6
5.0,48.97,1079.0,25,视频播放,3000,0.6
5.25,46.54,1079.0,25,视频播放,3000,0.6
5.5,44.11,1079.0,25,视频播放,3000,0.6
5.75,41.68,1079.0,25,视频播放,3000,0.6
6.0,39.25,1079.0,25,视频播放,3000,0.6
6.25,36.82,1079.0,25,视频播放,3000,0.6
6.5,34.39,1079.0,25,视频播放,3000,0.6
6.75,31.95,1079.0,25,视频播放,3000,0.6
7.0,29.52,1079.0,25,视频播放,3000,0.6
7.25,27.09,1079.0,25,视频播放,3000,0.6
7.5,24.66,1079.0,25,视频播放,3000,0.6
7.75,22.23,1079.0,25,视频播放,3000,0.6
8.0,19.8,1079.0,25,视频播放,3000,0.6
8.25,17.37,1079.0,25,视频播放,3000,0.6
8.5,14.94,1079.0,25,视频播放,3000,0.6
8.75,12.51,1079.0,25,视频播放,3000,0.6
9.0,10.08,1079.0,25,视频播放,3000,0.6
9.25,7.65,1079.0,25,视频播放,3000,0.6
9.5,5.22,1079.0,25,视频播放,3000,0.6
9.75,2.79,1079.0,25,视频播放,3000,0.6
10.0,0.36,1079.0,25,视频播放,3000,0.6
10.25,0,1079.0,25,视频播放,3000,0.6
0,98.18,1079.0,25,视频播放,4000,0.6
0.25,96.35,1079.0,25,视频播放,4000,0.6
0.5,94.53,1079.0,25,视频播放,4000,0.6
0.75,92.71,1079.0,25,视频播放,4000,0.6
1.0,90.89,1079.0,25,视频播放,4000,0.6
1.25,89.06,1079.0,25,视频播放,4000,0.6
1.5,87.24,1079.0,25,视频播放,4000,0.6
1.75,85.42,1079.0,25,视频播放,4000,0.6
2.0,83.6,1079.0,25,视频播放,4000,0.6
2.25,81.77,1079.0,25,视频播放,4000,0.6
2.5,79.95,1079.0,25,视频播放,4000,0.6
2.75,78.13,1079.0,25,视频播放,4000,0.6
3.0,76.31,1079.0,25,视频播放,4000,0.6
3.25,74.48,1079.0,25,视频播放,4000,0.6
3.5,72.66,1079.0,25,视频播放,4000,0.6
3.75,70.84,1079.0,25,视频播放,4000,0.6
4.0,69.02,1079.0,25,视频播放,4000,0.6
4.25,67.19,1079.0,25,视频播放,4000,0.6
4.5,65.37,1079.0,25,视频播放,4000,0.6
4.75,63.55,1079.0,25,视频播放,4000,0.6
5.0,61.72,1079.0,25,视频播放,4000,0.6
5.25,59.9,1079.0,25,视频播放,4000,0.6
5.5,58.08,1079.0,25,视频播放,4000,0.6
5.75,56.26,1079.0,25,视频播放,4000,0.6
6.0,54.43,1079.0,25,视频播放,4000,0.6
6.25,52.61,1079.0,25,视频播放,4000,0.6
6.5,50.79,1079.0,25,视频播放,4000,0.6
6.75,48.97,1079.0,25,视频播放,4000,0.6
7.0,47.14,1079.0,25,视频播放,4000,0.6
7.25,45.32,1079.0,25,视频播放,4000,0.6
7.5,43.5,1079.0,25,视频播放,4000,0.6
7.75,41.68,1079.0,25,视频播放,4000,0.6
8.0,39.85,1079.0,25,视频播放,4000,0.6
8.25,38.03,1079.0,25,视频播放,4000,0.6
8.5,36.21,1079.0,25,视频播放,4000,0.6
8.75,34.39,1079.0,25,视频播放,4000,0.6
9.0,32.56,1079.0,25,视频播放,4000,0.6
9.25,30.74,1079.0,25,视频播放,4000,0.6
9.5,28.92,1079.0,25,视频播放,4000,0.6
9.75,27.09,1079.0,25,视频播放,4000,0.6
10.0,25.27,1079.0,25,视频播放,4000,0.6
10.25,23.45,1079.0,25,视频播放,4000,0.6
10.5,21.63,1079.0,25,视频播放,4000,0.6
10.75,19.8,1079.0,25,视频播放,4000,0.6
11.0,17.98,1079.0,25,视频播放,4000,0.6
11.25,16.16,1079.0,25,视频播放,4000,0.6
11.5,14.34,1079.0,25,视频播放,4000,0.6
11.75,12.51,1079.0,25,视频播放,4000,0.6
12.0,10.69,1079.0,25,视频播放,4000,0.6
12.25,8.87,1079.0,25,视频播放,4000,0.6
12.5,7.05,1079.0,25,视频播放,4000,0.6
12.75,5.22,1079.0,25,视频播放,4000,0.6
13.0,3.4,1079.0,25,视频播放,4000,0.6
13.25,1.58,1079.0,25,视频播放,4000,0.6
13.5,0,1079.0,25,视频播放,4000,0.6
0,98.54,1079.0,25,视频播放,5000,0.6
0.25,97.08,1079.0,25,视频播放,5000,0.6
0.5,95.63,1079.0,25,视频播放,5000,0.6
0.75,94.17,1079.0,25,视频播放,5000,0.6
1.0,92.71,1079.0,25,视频播放,5000,0.6
1.25,91.25,1079.0,25,视频播放,5000,0.6
1.5,89.79,1079.0,25,视频播放,5000,0.6
1.75,88.34,1079.0,25,视频播放,5000,0.6
2.0,86.88,1079.0,25,视频播放,5000,0.6
2.25,85.42,1079.0,25,视频播放,5000,0.6
2.5,83.96,1079.0,25,视频播放,5000,0.6
2.75,82.5,1079.0,25,视频播放,5000,0.6
3.0,81.04,1079.0,25,视频播放,5000,0.6
3.25,79.59,1079.0,25,视频播放,5000,0.6
3.5,78.13,1079.0,25,视频播放,5000,0.6
3.75,76.67,1079.0,25,视频播放,5000,0.6
4.0,75.21,1079.0,25,视频播放,5000,0.6
4.25,73.75,1079.0,25,视频播放,5000,0.6
4.5,72.3,1079.0,25,视频播放,5000,0.6
4.75,70.84,1079.0,25,视频播放,5000,0.6
5.0,69.38,1079.0,25,视频播放,5000,0.6
5.25,67.92,1079.0,25,视频播放,5000,0.6
5.5,66.46,1079.0,25,视频播放,5000,0.6
5.75,65.01,1079.0,25,视频播放,5000,0.6
6.0,63.55,1079.0,25,视频播放,5000,0.6
6.25,62.09,1079.0,25,视频播放,5000,0.6
6.5,60.63,1079.0,25,视频播放,5000,0.6
6.75,59.17,1079.0,25,视频播放,5000,0.6
7.0,57.71,1079.0,25,视频播放,5000,0.6
7.25,56.26,1079.0,25,视频播放,5000,0.6
7.5,54.8,1079.0,25,视频播放,5000,0.6
7.75,53.34,1079.0,25,视频播放,5000,0.6
8.0,51.88,1079.0,25,视频播放,5000,0.6
8.25,50.42,1079.0,25,视频播放,5000,0.6
8.5,48.97,1079.0,25,视频播放,5000,0.6
8.75,47.51,1079.0,25,视频播放,5000,0.6
9.0,46.05,1079.0,25,视频播放,5000,0.6
9.25,44.59,1079.0,25,视频播放,5000,0.6
9.5,43.13,1079.0,25,视频播放,5000,0.6
9.75,41.68,1079.0,25,视频播放,5000,0.6
10.0,40.22,1079.0,25,视频播放,5000,0.6
10.25,38.76,1079.0,25,视频播放,5000,0.6
10.5,37.3,1079.0,25,视频播放,5000,0.6
10.75,35.84,1079.0,25,视频播放,5000,0.6
11.0,34.39,1079.0,25,视频播放,5000,0.6
11.25,32.93,1079.0,25,视频播放,5000,0.6
11.5,31.47,1079.0,25,视频播放,5000,0.6
11.75,30.01,1079.0,25,视频播放,5000,0.6
12.0,28.55,1079.0,25,视频播放,5000,0.6
12.25,27.09,1079.0,25,视频播放,5000,0.6
12.5,25.64,1079.0,25,视频播放,5000,0.6
12.75,24.18,1079.0,25,视频播放,5000,0.6
13.0,22.72,1079.0,25,视频播放,5000,0.6
13.25,21.26,1079.0,25,视频播放,5000,0.6
13.5,19.8,1079.0,25,视频播放,5000,0.6
13.75,18.35,1079.0,25,视频播放,5000,0.6
14.0,16.89,1079.0,25,视频播放,5000,0.6
14.25,15.43,1079.0,25,视频播放,5000,0.6
14.5,13.97,1079.0,25,视频播放,5000,0.6
14.75,12.51,1079.0,25,视频播放,5000,0.6
15.0,11.06,1079.0,25,视频播放,5000,0.6
15.25,9.6,1079.0,25,视频播放,5000,0.6
15.5,8.14,1079.0,25,视频播放,5000,0.6
15.75,6.68,1079.0,25,视频播放,5000,0.6
16.0,5.22,1079.0,25,视频播放,5000,0.6
16.25,3.76,1079.0,25,视频播放,5000,0.6
16.5,2.31,1079.0,25,视频播放,5000,0.6
16.75,0.85,1079.0,25,视频播放,5000,0.6
17.0,0,1079.0,25,视频播放,5000,0.6
0,98.78,1079.0,25,视频播放,6000,0.6
0.25,97.57,1079.0,25,视频播放,6000,0.6
0.5,96.35,1079.0,25,视频播放,6000,0.6
0.75,95.14,1079.0,25,视频播放,6000,0.6
1.0,93.92,1079.0,25,视频播放,6000,0.6
1.25,92.71,1079.0,25,视频播放,6000,0.6
1.5,91.49,1079.0,25,视频播放,6000,0.6
1.75,90.28,1079.0,25,视频播放,6000,0.6
2.0,89.06,1079.0,25,视频播放,6000,0.6
2.25,87.85,1079.0,25,视频播放,6000,0.6
2.5,86.63,1079.0,25,视频播放,6000,0.6
2.75,85.42,1079.0,25,视频播放,6000,0.6
3.0,84.2,1079.0,25,视频播放,6000,0.6
3.25,82.99,1079.0,25,视频播放,6000,0.6
3.5,81.77,1079.0,25,视频播放,6000,0.6
3.75,80.56,1079.0,25,视频播放,6000,0.6
4.0,79.34,1079.0,25,视频播放,6000,0.6
4.25,78.13,1079.0,25,视频播放,6000,0.6
4.5,76.91,1079.0,25,视频播放,6000,0.6
4.75,75.7,1079.0,25,视频播放,6000,0.6
5.0,74.48,1079.0,25,视频播放,6000,0.6
5.25,73.27,1079.0,25,视频播放,6000,0.6
5.5,72.05,1079.0,25,视频播放,6000,0.6
5.75,70.84,1079.0,25,视频播放,6000,0.6
6.0,69.62,1079.0,25,视频播放,6000,0.6
6.25,68.41,1079.0,25,视频播放,6000,0.6
6.5,67.19,1079.0,25,视频播放,6000,0.6
6.75,65.98,1079.0,25,视频播放,6000,0.6
7.0,64.76,1079.0,25,视频播放,6000,0.6
7.25,63.55,1079.0,25,视频播放,6000,0.6
7.5,62.33,1079.0,25,视频播放,6000,0.6
7.75,61.12,1079.0,25,视频播放,6000,0.6
8.0,59.9,1079.0,25,视频播放,6000,0.6
8.25,58.69,1079.0,25,视频播放,6000,0.6
8.5,57.47,1079.0,25,视频播放,6000,0.6
8.75,56.26,1079.0,25,视频播放,6000,0.6
9.0,55.04,1079.0,25,视频播放,6000,0.6
9.25,53.83,1079.0,25,视频播放,6000,0.6
9.5,52.61,1079.0,25,视频播放,6000,0.6
9.75,51.4,1079.0,25,视频播放,6000,0.6
10.0,50.18,1079.0,25,视频播放,6000,0.6
10.25,48.97,1079.0,25,视频播放,6000,0.6
10.5,47.75,1079.0,25,视频播放,6000,0.6
10.75,46.54,1079.0,25,视频播放,6000,0.6
11.0,45.32,1079.0,25,视频播放,6000,0.6
11.25,44.11,1079.0,25,视频播放,6000,0.6
11.5,42.89,1079.0,25,视频播放,6000,0.6
11.75,41.68,1079.0,25,视频播放,6000,0.6
12.0,40.46,1079.0,25,视频播放,6000,0.6
12.25,39.25,1079.0,25,视频播放,6000,0.6
12.5,38.03,1079.0,25,视频播放,6000,0.6
12.75,36.82,1079.0,25,视频播放,6000,0.6
13.0,35.6,1079.0,25,视频播放,6000,0.6
13.25,34.39,1079.0,25,视频播放,6000,0.6
13.5,33.17,1079.0,25,视频播放,6000,0.6
13.75,31.95,1079.0,25,视频播放,6000,0.6
14.0,30.74,1079.0,25,视频播放,6000,0.6
14.25,29.52,1079.0,25,视频播放,6000,0.6
14.5,28.31,1079.0,25,视频播放,6000,0.6
14.75,27.09,1079.0,25,视频播放,6000,0.6
15.0,25.88,1079.0,25,视频播放,6000,0.6
15.25,24.66,1079.0,25,视频播放,6000,0.6
15.5,23.45,1079.0,25,视频播放,6000,0.6
15.75,22.23,1079.0,25,视频播放,6000,0.6
16.0,21.02,1079.0,25,视频播放,6000,0.6
16.25,19.8,1079.0,25,视频播放,6000,0.6
16.5,18.59,1079.0,25,视频播放,6000,0.6
16.75,17.37,1079.0,25,视频播放,6000,0.6
17.0,16.16,1079.0,25,视频播放,6000,0.6
17.25,14.94,1079.0,25,视频播放,6000,0.6
17.5,13.73,1079.0,25,视频播放,6000,0.6
17.75,12.51,1079.0,25,视频播放,6000,0.6
18.0,11.3,1079.0,25,视频播放,6000,0.6
18.25,10.08,1079.0,25,视频播放,6000,0.6
18.5,8.87,1079.0,25,视频播放,6000,0.6
18.75,7.65,1079.0,25,视频播放,6000,0.6
19.0,6.44,1079.0,25,视频播放,6000,0.6
19.25,5.22,1079.0,25,视频播放,6000,0.6
19.5,4.01,1079.0,25,视频播放,6000,0.6
19.75,2.79,1079.0,25,视频播放,6000,0.6
20.0,1.58,1079.0,25,视频播放,6000,0.6
20.25,0.36,1079.0,25,视频播放,6000,0.6
20.5,0,1079.0,25,视频播放,6000,0.6
